,Cycle,A1,A2,A3,A4,A5,A6,A7,A8,A9,A10,A11,A12,B1,B2,B3,B4,B5,B6,B7,B8,B9,B10,B11,B12,C1,C2,C3,C4,C5,C6,C7,C8,C9,C10,C11,C12,D1,D2,D3,D4,D5,D6,D7,D8,D9,D10,D11,D12,E1,E2,E3,E4,E5,E6,E7,E8,E9,E10,E11,E12,F1,F2,F3,F4,F5,F6,F7,F8,F9,F10,F11,F12,G1,G2,G3,G4,G5,G6,G7,G8,G9,G10,G11,G12,H1,H2,H3,H4,H5,H6,H7,H8,H9,H10,H11,H12
,1,-64.3111471959655,-45.0157164859511,-66.0827180151259,-143.586702588987,-116.512094127178,-104.377653758931,-46.3876550026625,-78.7608122177103,-44.7271315853341,-36.3384157723381,-14.6387453837801,-77.2753242717772,151.896939641339,-42.8170085342331,-80.0613656700734,-40.8821996967508,-64.0575496552465,-35.2165460460569,-3.76341207417681,-8.97348658018336,-20.2197750961777,-26.0537215641775,-13.6044441867339,-11.6515957891697,-19.3960889040886,-54.1915687655801,-42.9344453176445,-50.6151064862047,-67.8859158023697,-30.0568624685366,6.78709133176289,-1.05357345110269,-14.3826773288911,-11.0837370509244,-1.95027369319268,106.252332108978,-30.2333335047169,-45.5136359675143,-67.2473126196455,-67.726996446198,-113.227495673062,-92.9332136524185,-37.8120510369149,-38.8652380558096,-38.5384700567147,-31.0546608423169,-47.2452258081717,-45.5535250437597,-33.9812763911905,-39.3205027878653,-61.3445823002066,-59.660284033293,-80.8394553395819,-86.8377050703457,-7.29041175403199,-7.24213124012476,-29.0913745479006,-50.5067057283541,-41.0098651946005,-40.7529674658927,-45.5966493116416,-70.4445652563622,-75.1083313221889,-68.9070776822464,-66.8812920032269,-79.833878769251,-39.9433087152938,-47.1519604971795,-22.9855854799048,-13.4483127175854,-32.2814284260298,-40.4189301555948,-2.75368009581734,-52.3959075032531,-104.785270500666,-70.7591462420919,-85.5927141903762,-66.0830449736277,-54.7672864905453,-41.4026961055715,-44.38318850016,-38.1526514056313,-41.7436941172041,-1.23880025011294,-2.5620361741785,-30.1827928023645,-52.4114816566171,-23.8020843107633,-19.247384330813,-28.4218495108908,-40.7190274981581,-25.4534609019565,-79.2637880578777,-9.78296995409073,-22.6128783878876,-32.7887559370733
,2,10.8076856703019,-9.76382186878209,-28.0962537575347,-57.5442595643717,-83.7066920136353,-49.9131013523638,-18.01368363033,-33.8621887946633,-3.30380665062512,-6.59207335450037,-30.113567870565,-50.0422925682446,149.289657214506,-5.79853048872883,-34.7827575826796,-1.61888066196161,-25.3899483986484,7.39717063941225,18.2114712704415,5.75840859339223,5.9317855128993,-0.228139155706231,-8.08149936102791,-1.14938668860168,6.21832135081149,-2.71732503822386,-5.05534389147033,-20.1490350119225,-20.1040445852609,29.1808489496802,13.4378526164405,15.8669215724135,4.05426958840326,9.54977882527555,3.15486476151409,106.066290738323,13.3377229699395,-17.3853118760667,-33.2129265521012,-30.0945281121567,-58.7550089160445,-54.5621258349806,-17.9693511488881,-4.48740848310172,-19.4137741744307,-18.5173161785747,-26.9370991632386,-21.3019936564915,-14.1779558850994,-8.14374854934294,-25.1417313848906,-22.215804081904,-34.8124988451805,-49.2647284428399,2.51422209342036,-0.830173805976756,-14.225073106486,-1.80722315346884,-27.3273648064014,-16.8293728484473,7.92454708589412,-42.5093054968147,-34.4501721524689,-47.0172597747201,-31.6246546017633,-54.9019805321063,-23.6986168083349,-30.2240307798807,-6.48825483197152,-0.642397095386514,-15.1647452333295,6.54660132622166,10.4481548712597,3.49153231732225,-56.2135122046129,-40.564172546096,-42.2610230952164,-43.2318269157527,-32.3454671795348,-16.295595005809,-22.7670864473712,-15.8119528397742,-31.2694984323439,-11.4135047657769,7.59634055530842,-12.0761230957755,-27.1196134764441,-6.69037480771931,-0.457397779210623,-4.8498730666056,-13.0543420043541,18.0766892992774,-58.6610717247577,29.8770507843633,-6.0873210305017,-13.644668762543
,3,35.41590501777,19.0332774054041,-5.44681292459609,-9.50042561553892,-30.6340843376611,-18.674468416014,5.09263551786262,-9.76663684962205,22.9164506612137,5.32292725387606,10.3528825909425,-5.90585779521552,140.572152430452,0.583989946947895,-11.9401506071631,2.1462680521845,-12.9292349736975,19.7158693053993,19.42198595632,9.46605566918015,5.39176258153384,6.78009982221693,2.75514613589712,-0.120106058644524,0.34201908609748,1.59763003196986,16.278028577658,-9.05626542284244,-10.3328923946942,19.9146659535641,11.640052942586,22.4345806037413,6.30012237132541,7.88095033134823,2.79598923514095,82.5132200013018,25.7328991845325,-8.30143562301919,-16.1336140633239,2.58487432226457,-20.3175043290271,-26.8495012521475,-10.8192831917531,22.4027143884196,-7.22530862367921,4.32642353173105,-8.96829232057007,-1.34543851788249,4.86452434113335,5.13139697117276,16.6340669809779,-15.040819076924,-5.46393349008213,-16.8583105319576,27.857873835228,5.70111542671111,-5.57383405328483,5.72919120088682,-1.4181365974955,3.46949201978987,10.2145985605921,-14.1657839304989,-14.491286037492,-25.9920506484514,-3.05681557626895,-30.7189094131327,-15.3242369621462,1.6900638452953,1.82446028460117,1.86085877929008,5.3978121519408,26.1230143481412,17.9585075230616,40.5701902889714,-19.6305690845174,-3.04756231951615,-10.6661355398564,-8.47295605790578,-11.8664153784307,-9.58823110381263,-8.69506703536035,-8.00554622054779,-13.2472879790139,-4.97310984000887,14.3915749931157,-5.60100141807925,4.58673183852943,2.02363108977033,5.80931946163037,15.8712798092993,12.220428932199,37.7789392658237,-43.3159777811557,24.5741395320974,11.0060024450904,8.42004673434849
,4,26.9770047858383,7.94870631246476,5.98572242062301,2.40769992079777,-0.960958796738396,4.9765910618321,12.185732323338,14.4554146212922,16.206587314598,11.002865832585,23.9232289053634,13.502352511895,132.7325101107,5.12205192501187,30.6805696060219,6.66951135845829,-1.13090022647202,19.7148928278084,17.7499445566791,6.95278421481726,11.0386960936316,11.5481361921306,9.17105018186521,12.2483388713713,7.47377112166305,13.0854451027622,20.9541166537069,1.15264733233698,-5.17876146099161,9.55380495783083,7.69596392561152,18.969247248242,16.0738015494567,7.14135489663204,12.3039508914649,34.3883382933536,17.1596933004043,11.673814964407,-3.58022245593747,5.33116561547558,1.97572159527817,0.292948386350417,0.242187625878614,12.932371723165,11.7920007148787,7.58306534217991,11.5067560035282,10.0498946923026,7.67037056680874,15.221154383622,12.6790605911888,2.65799246968618,7.70034700864107,3.05855574940097,13.6475571934507,14.6878082328981,5.55633710213988,16.3749698360502,17.7300172337191,17.8344742531217,10.8692419705508,24.3870764531171,3.47746743002563,-4.98498791598695,16.8057504594717,-4.59367742749373,-1.02641641924902,14.3327151391309,11.8407566560363,18.3189459620921,9.93439326195448,29.2918960408115,18.302830676429,5.61644606255231,9.14160072613959,4.78598624094138,6.97945259726657,10.5751314590343,4.02138143402726,14.0566829261325,2.33751660237658,9.43016238493692,3.90233260293689,16.0524597236958,8.93297261454154,6.08867139489394,10.9744054307498,8.55191849794346,5.55313564590369,9.61661572688308,7.03773591010849,25.5116424624712,-29.1842383031653,10.3698973977812,16.0549946833867,14.3914578885756
,5,18.9557721916258,3.6555106623241,4.12783098301043,1.82593345078794,3.05237923212462,3.19051202462197,9.23465959622263,19.4991262487574,13.6473186498724,5.42938024985597,10.8616472048848,12.2723302130639,118.633765298512,2.37707504746959,27.3476678324851,-4.33283291110001,-4.43679515436042,6.65955869753634,11.7643206721878,10.9055851877756,7.69286112642703,10.3354006849268,8.55432392507419,16.4792223865165,3.87913871162982,9.84907170361748,9.14460560511634,-3.30921643028478,3.6400740503318,-2.38787514576916,6.15619381917213,6.27593931123556,13.0963166478923,5.46790883284575,9.83512324644926,12.2349179929101,4.79773117124842,5.71403564382581,1.00723055648859,-3.76691478222847,-0.601358124231865,11.9758966649174,3.62719869826924,6.50916748135842,3.91677702858533,7.65625265595509,12.7511984484136,12.0723897645566,0.418837773986979,10.4961551870038,-0.977921208557746,2.79505927868968,-3.59895854525212,7.99928511505505,14.3277361568703,11.1706439509635,6.5786870349807,15.9653470210669,19.080334073316,14.953736573736,4.66247648197987,18.4835913201155,5.13363410155625,4.91358525839632,11.8769493811697,-1.14528340727338,2.8068023161868,9.7925727419115,17.5192567720542,11.7869674983467,5.04520971685497,23.6778192449215,13.2150395237618,4.59721888932245,4.95795468201322,1.02387057466603,6.54873124329015,11.0994974151868,8.40615750332563,7.79745068846796,10.7777706080306,11.868106352314,11.0606804767299,22.0917912536693,10.0829979663135,3.50125302381366,11.2737614606003,8.1643485104928,5.3854317364503,0.113973004084983,6.63570335094118,1.38587344823691,32.8280776081006,7.37434621026614,15.9637964509598,12.5418638458086
,6,9.88576898561405,4.36053818039636,9.15950773826671,1.9027348534878,8.65849613583123,5.20604523818338,9.75500135082348,13.568755514435,10.2881652227607,2.86773657559024,0.522871672991187,13.4093288717813,102.301572803494,-0.315822742626096,9.51963834604521,-1.88717524649246,-0.576478879487695,0.388515263784939,6.83219675671353,5.84144424097485,8.27863846724904,10.5558943894221,9.159631245745,11.2467646560431,0.153691334728592,4.0915070016581,-3.9109343160444,10.447125545676,8.51790549802672,-7.6499097445494,7.73042267014762,2.42854769270207,8.71239992638721,8.40777833584434,9.73357167584163,6.72263758001918,-0.634508590645055,5.18467053098084,4.88511014471669,-8.47327765523551,8.11359672304889,5.18111682788776,13.5312190693239,13.0209819715137,10.1724001147941,7.99419707194375,12.7213917827003,11.466955731596,0.491075792928314,7.4284157102793,-6.01155351101716,3.15676894792705,-2.19868253179175,5.76798567553487,7.88456592032253,11.1782249073212,9.04653973620179,15.1756727253073,17.7758371852779,10.7858844150524,1.33365189939377,11.0847903147701,7.90800386732644,9.03104818547263,9.94599610002524,15.055951733993,9.50705420159738,10.578101140577,7.60827403860367,5.41267716094944,6.6618654447916,13.8458288440688,4.96193847032873,2.14695536504451,2.48673617742134,10.5659746851993,8.28969758384392,9.42025617505078,7.48239740220197,6.29772109201122,19.167384492559,17.0132859183241,8.12640766554796,19.8396107180629,9.22375118506852,7.2375507659317,8.30283895057028,7.04095469899585,1.25064858151381,5.63597507859186,12.2556374262531,2.61610588239046,39.3883204351582,4.98560956956362,1.34917124757112,12.0337113766223
,7,5.56026579923537,8.93027670912079,7.17246184909618,12.2469666012007,12.2017593521186,17.4089516409799,11.511057610468,7.163848141789,14.1711630584446,10.1237812448317,6.31163499286276,9.71189173362063,86.1670570260594,9.28228047441871,12.8399441299989,9.68095384362732,16.3081648580555,8.39106705657059,7.93080082072993,4.65319020035349,13.1206370497998,11.7864474198541,9.1861400232583,10.9292507439,6.70628087586465,14.7367746398691,10.5029624144418,11.1656701673915,14.8799937608928,11.6669918770631,7.41326550421854,3.06132458137017,9.92808885370277,21.717985065703,12.2480013931608,-0.0253164507194015,6.44609926954399,5.94468736360886,16.216439366573,8.8748204292724,14.5162015198443,18.7721778863861,16.272940299837,17.4814783963375,10.3281468616069,7.46278776278132,15.6370585920254,10.5976686446425,7.88231678581633,12.8390067384526,11.3261274639381,16.7944136211822,10.3352792798969,16.1427217392766,5.66045999157313,13.341563008149,4.60163432695481,14.4262310520439,12.7135973381155,16.0953261570476,11.2806443024183,6.30193910100752,14.7833341135115,16.9988253981396,11.3814062352508,19.5711634472223,10.1218286792432,13.834120253422,13.9838383833344,12.5378188614422,6.22878987772719,12.3212635145865,6.72420364064737,7.00700831082122,12.6875731276446,13.4714196640593,17.0763027303697,14.7070083956601,18.2424816429434,12.7638729672299,23.3774295887415,13.747728198412,12.3026058133778,18.2053855466002,4.51381151547957,4.78281613540184,8.09133002745148,8.28447421961755,3.88464250596508,6.1768778902433,6.95350555179766,1.78264754106522,31.8195077467412,6.36766732537308,6.71314334857698,-1.14614986146944
,8,-3.57633012033148,3.54785140304966,11.7169174310102,15.5837018785446,14.8362412636966,16.5459811335513,8.28500492410421,9.43516709105688,6.43419462735028,7.75829038649499,-0.163869387682553,11.440551423761,70.2287928316459,6.33994109566083,3.76444042206185,9.45790487853219,15.1060903506591,1.4749877538311,8.57114549916696,7.10743660737762,13.4170386018027,9.87748288488638,6.21578950738376,3.540492646448,7.50142163527562,12.2779195391713,2.03380273378116,11.3580428098462,11.3569885792722,7.69192571948088,5.35989674179746,-0.865723469385557,6.53023875555846,7.82030982668266,7.72964152337863,-8.40411909651766,1.63039764097994,14.6144555263027,9.36930155551818,10.4630007269102,15.5407221315272,17.7075657505711,10.9165881022814,6.56434401032857,7.94616875312204,7.06380476995628,11.5850038144617,11.1482871959884,6.66521489500656,10.0600316460445,6.69954456168034,12.7261008092973,13.9553592545053,13.6209320842058,8.0760028472414,6.89543540729801,7.52952609017666,8.66731737173359,8.06996597011948,14.2792314263561,0.105788803084124,3.63316633633212,11.1171486051057,18.9458189696707,6.84753919951118,17.6729960929442,17.7803874292908,10.8730021437414,13.379316827607,12.03862631737,10.6589173503385,-1.52009578344223,1.20426012480084,1.94089424496224,11.7269102172845,7.20068811531564,12.3103290245708,14.2873854426934,12.730905226656,9.48923468282737,18.3737489447412,17.5126390904866,12.9038926259859,6.46170960504196,5.94049364178454,5.60067359104232,3.04281578259906,8.64708061907004,3.12737244967502,9.63425282704429,4.3306475129707,-3.2179252240735,23.8955669012189,4.91134209348229,-3.38117392579761,4.25959148221955
,9,-9.64726949548594,3.17882987623489,6.47315798222189,13.9043854115071,17.225421770966,13.8981624059875,7.76984291112012,9.18619403034336,0.331366137933401,1.17692160705337,-2.53452985034755,2.94756725129764,42.8337097263197,8.29170915917393,1.29128473620995,8.34494214652068,8.95360157776395,-0.113586218874843,5.32330782100826,4.88523001948215,6.85455153366593,5.38217282557753,7.23212959098692,2.88544055178909,9.51054343841179,11.5975371914728,1.57216151285547,12.6972002943521,9.45651891624448,4.5761038728574,6.81959611458205,5.26617756034193,6.48799467585104,10.2239826578088,6.6456534647923,-6.77670682717371,-0.657922908900218,13.2616971628863,9.13723533566053,12.2143763494314,15.8604680766271,14.096876573311,17.0531911683729,4.9819957928039,9.48611426900834,6.99662241504029,8.79873951693207,7.5765612420787,3.86167911648499,8.88883725227333,2.24786339794036,11.8026734812483,9.76030646594882,11.0637557079926,1.5829778239704,4.30402557212119,9.93569555927934,6.23783676634275,11.5018945377642,5.63288259851788,5.16639880817229,11.0772076495437,8.83453793912577,14.7856692725654,6.99805190553525,15.225568235297,12.5489147853796,2.46086895216558,7.6254288954101,4.76190325783864,2.44769565009619,-7.41761056005862,2.99663600986878,-1.67559216919744,10.6130459563151,3.33881231003852,7.70570412368397,6.52547812516104,9.41826900653859,10.6093374652305,14.4772776570308,12.8968713428003,9.35460185691454,-6.60520100190843,-1.95976204212138,9.56436059931684,4.50479190291253,7.81691248768311,0.770243799870968,7.52423800071711,7.4179916530361,-6.5441010074469,16.0667259504216,7.49357823100627,-1.95647131030046,4.62176088123306
,10,-9.53296675033789,-0.667391478161335,6.02108514357224,10.140311006508,11.8404054911916,10.3249131894518,-0.0453710795241022,1.21522336250746,-3.47800290505893,-4.72581925986424,-5.0164484017796,-0.728160883752025,31.9400230897195,-0.423341966116368,-5.77431358014701,10.1564540577674,8.91905707590149,-10.462124079093,-0.729111329131229,0.962318484238949,5.46552288180419,-4.94183409865309,2.9204434604444,-2.02085286816691,3.66670893837045,1.31486665479315,-2.90359568046006,5.56499691030194,11.3865251627421,-0.0456356915155993,7.45938783751944,-0.897444893220836,-2.72250696260426,-1.99238300217849,1.82241106647962,-12.33046310288,-3.35910063835308,7.77358941340162,14.5507048699487,3.24561959343737,8.85232411689867,8.96825369120688,3.40072354300855,-4.18899972640793,5.8934666367345,1.29832763709828,1.60317631690305,2.85368895605734,4.96789275677793,-1.09426825778519,-1.38212539043798,6.19484180782638,2.06246149031085,3.38722821891861,-4.53436396829102,6.37283204228288,7.18355149355466,3.2648794814022,-5.36776001784347,0.253561235283541,4.67481261628609,-0.347254943390908,7.01924980973536,7.45168547316371,3.762621993837,14.5199930754688,12.4907965120533,2.57230151984368,-0.223346056020546,1.040038209454,-0.0115761006913999,-15.3864655166299,-7.07230996477028,-1.57830187467971,5.71924583053169,-0.00320484596886672,-1.41382618249327,2.59463841993374,4.94250589675312,0.129392254693357,7.13089567783481,4.46308165118444,2.50062726305032,2.50873853866415,-0.456363672164571,1.94239791273549,-3.92432212133735,-0.787081024722738,4.70289755316435,0.450729736372068,4.9647407775733,-9.70688259890358,6.36540403640038,3.6556877238163,1.82757633223309,-3.90633126614648
,11,-9.29356132406338,2.03987648711609,4.58986580973806,8.82925961441424,12.3905033143669,8.1785240831523,-2.386752086255,-5.42124719956564,-2.88932892230196,1.49591203369027,-9.21354828503627,-1.34774074987126,19.3846912579947,0.989397643868415,-5.60484304675583,9.9511771729608,12.1651622563836,-2.84992003134585,4.19999330399514,2.90742775468425,6.69831056396697,-5.38786776526194,-1.46497934573836,1.01878016747378,7.63413594489703,5.07719829393318,-1.80031023921356,9.3373074389574,7.52669166226633,8.56374032052236,-0.162565836816157,-2.32272276265303,0.232697022176581,-3.05725135005514,-3.62416055425638,-15.5392563197315,2.71346102450616,5.77721363741284,12.4402683459957,6.60095228957698,14.0886869860756,13.2451135721303,6.98775884088127,-1.90568943145536,2.30749917070352,2.92799786035084,1.41980360245998,0.228652183368467,5.38596448254657,2.71671814449701,2.71070742756501,6.99536458106877,9.45946640652892,12.4775204274861,-6.34644597479155,1.12700135935165,15.3345060231231,-0.662312942473818,-4.24882979564836,-3.01577212204938,1.20643603222697,5.13841265066594,7.95776092975893,13.9778048543603,2.91492770424202,13.072218858561,7.25977376762148,-2.38192446700896,3.14549783005896,-2.30639377085572,-1.58324845269317,-17.8531515208833,-4.07056357007195,-4.85140526409396,7.9055894052326,5.37697923523228,1.13356999611642,-2.93306372040297,4.16790525848091,-0.327222302086284,-0.825439055113748,5.76158499372696,3.11870257369401,-5.10237815238224,1.2777864990162,6.48404529137451,-2.39676419259422,0.790046608936336,4.46187270341761,4.37377708871918,2.1899284545475,-6.5934845187071,10.3276227947322,-3.7236179418619,3.67341062077639,-3.05696487954629
,12,-16.2512726856344,-9.44384014952493,-8.77102986365981,-3.57023576029951,4.74262843062161,-5.76719667268389,-8.96647436565536,-12.6818166696698,-19.2769023616561,-6.39141104939108,-19.8052155806663,-15.3414431563124,-8.27873114470322,-5.52879378313173,-14.5247030958976,-2.6288390641289,-0.10650836152854,-10.5951346915731,-0.234425746713441,-3.65689199440885,0.329403912705402,-3.60634270850187,-2.11012025964601,-4.42533425098327,-2.87540977016306,-8.01763724308375,-13.1236085287569,0.325847565108234,-2.89818948829043,-4.22055332015816,-3.75349301736514,-6.22377468466311,-8.08218719607794,-9.80568602171343,-5.31808873197315,-21.5011766192983,-12.6725016979899,-8.16223825308816,-1.48201248288888,0.773756531925301,-3.33028808132804,0.807346440044057,-1.09053451285899,-15.6773480187239,-7.40920782845069,-9.45996682233817,-5.82810864307567,-5.8465718342718,-9.10945159588846,-9.52869401998851,-8.14866001044447,2.68772232418269,-2.11595919908132,-1.29914588351812,-12.3315528201779,-9.80452039418515,5.02422543034163,-10.1165006734568,-6.37032446586772,-9.18471423263827,-2.80731387392825,-6.98264035913644,-2.54557209989525,5.14497274883706,-3.88244062483091,2.31165875811485,3.56040935562851,-13.178426647095,-11.5776174269854,-11.9023544793172,-7.10523963440482,-27.6477157277113,-13.3391055879474,-18.8320441000883,-7.33247211694834,-7.79771961757933,-10.011093028847,-13.2265541853826,-2.92361280792238,-9.72953332244379,-11.1566244324399,-11.491982387246,-9.28128020401164,-25.3913416554401,-8.58762384928923,2.5155462162752,-8.61769814254467,-6.74925684328264,3.21602409246043,-10.282757830596,-12.3682678053397,-11.9235830953994,-7.75938644961934,-13.8837793826692,-9.16958325437463,-9.54811700164419
,13,-15.4507988410483,-7.46430428153826,-4.75120058688162,-11.0631675412687,-1.03304462178812,-5.64342442246698,-10.9702691406301,-14.9579182869679,-18.2199096859499,-7.40198923166372,-16.6053427244256,-7.94701628844768,-22.7708622415566,2.07021045328338,-16.8177020863991,-5.50752720003038,-1.30788065221304,-11.0445647230076,-5.18069550900282,-4.63241657834715,-9.91642120208053,-9.2086828157926,-2.35862875478233,-12.5884768846595,-3.44726900671367,-8.60986468446936,-12.7204934758834,-1.65087149465899,-1.43879540241596,-8.07589993441889,-8.2118323046675,-10.9264475486098,-7.69438434664244,-10.5859312587427,-8.67907034271093,-36.2664418361487,-10.9815499225069,-6.79984017732249,-2.28195698929903,-5.73364767791554,2.80834357668846,3.13360874058208,-4.5790772020805,-13.7655588075941,-1.70596417091883,-11.1596229395382,-8.51301491675122,-11.8022033798375,-6.94864007634351,-17.1306170999737,-7.72722740616064,-3.18092229069589,-6.07905045867892,-3.6755521457535,-16.2115652419238,-10.8219575437215,-2.14159388849839,-11.2476043943161,-16.1644625713748,-15.416263124112,-9.39557047624112,-17.5489338804205,-7.17119585791079,-4.60447391054095,-10.7677788846822,-4.8572109092097,-0.176098753053793,-11.7495459568977,-13.312343146863,-12.5577030154896,-5.30347797878221,-32.5499572310464,-21.3685725835667,-20.9135639681222,-1.73449360372206,-16.1972389371563,-14.395612190086,-17.1416689592506,-10.5123174328164,-14.6984288777608,-14.3075631808783,-19.3316033642564,-7.90524988947391,-11.1610159183783,-10.0782705318784,-7.02268580011014,-13.9813097146694,-8.68671486288167,-5.04639812178357,-8.50672080851245,-10.5213687434011,-20.1828930104293,-15.0262999207357,-14.7221817324462,-12.5463081063235,-18.5610323170226
,14,-18.8555659286831,-7.40214166419992,-8.39382142743352,-7.9739640591547,2.51086191007744,-5.30963809223522,-18.4799579267433,-16.7602619294366,-21.0521519684817,-12.3818226622125,-16.7305477005543,-15.1016050357994,-46.3300120312247,1.5874845471144,-20.738417451937,-4.43985557608175,-4.59641218241995,-10.4395563763705,-12.5827412894419,-4.93745762000526,-8.98791585243907,-11.7080810078651,-11.7271216211443,-9.09197508233092,0.571543303388353,-10.2783767874571,-18.3227213632972,-3.82201899582606,-6.85172288489002,-10.3009805157049,-8.33027708927284,-12.1962364425995,-17.1896381143356,-9.02413603536888,-14.8116210826934,-42.1846849113517,-10.536630535013,-5.80230989102938,-5.56609014374726,-5.28620071792238,-2.47308989429757,-3.23925098708287,-7.58094661834548,-22.6179589247113,-8.01579333957307,-7.53602289837681,-15.5855921631655,-14.0885403312764,-8.74214830347273,-12.9666790444353,-7.01540289422837,-2.9887639738522,-8.05576413253993,-6.4057475354025,-25.2168125625853,-15.8724969277364,-4.87672879878482,-12.6663263729902,-18.202868851778,-21.4225254913958,-10.1727935389454,-12.5395042204686,-7.68071083590075,-8.31921270676912,-15.7589340166887,-5.71648076795418,2.5569112992348,-15.0502986262095,-15.7288206939538,-14.053821414162,-14.6995000767538,-33.6529203858813,-21.799821102989,-20.1807261055669,-8.9749251404819,-14.4482339100909,-11.3388692073231,-18.4516124037546,-15.9427354445202,-13.7784647985955,-21.1230162399675,-26.1982398363616,-8.78736421403892,-25.8722620987551,-10.3305895016647,-11.3551645803677,-14.3225289782167,-11.2539312421809,-2.92359225240352,-15.9163952879453,-13.2589636513258,-20.975981112761,-17.6258838418344,-18.4372314024786,-15.0015355778241,-24.1015044100936
,15,-21.1872899549203,-13.3004001322947,-12.8434195963164,-6.88812941500373,-0.943472825048957,-12.919790720734,-16.3469499779676,-25.4824305330162,-25.664777526747,-12.0177540946997,-19.4779159291697,-15.138487271739,-56.069151783955,-3.31676141628986,-18.2642896628299,-8.1113765870814,-4.88232476891017,-10.9856266869383,-16.9556921398744,-5.91943953688133,-16.6625783651702,-19.4714581456024,-16.6480933974708,-16.1048140146318,-5.44619316835633,-20.1951385304014,-14.0078281364504,-6.38171878800813,-7.80134963236333,-12.8075600212314,-10.2703276832335,-12.8026482676737,-18.6727244603139,-17.4331759880079,-15.0100829450585,-46.0468170631757,-12.0179218383573,-11.5935268553885,-4.7152516848455,-4.71495218720429,-3.96213115962064,-16.9128270049214,-7.30221168049366,-22.5912016308971,-6.6418684254545,-15.3650597729434,-12.8467448077317,-17.0382244949574,-5.07463681412582,-18.0627770529586,-10.8839643585288,-5.58833173493758,-4.58306474079882,-3.31855967358933,-24.3827382944992,-16.6329319256515,-14.2429172195452,-40.3656382271784,-24.6115062640401,-25.4370825643991,-6.1321813874697,-9.96639042909237,-6.76485241713499,-2.48614831758732,-12.1081083001313,-10.1296411004473,-1.55297797461071,-23.6415597795599,-23.4090133709401,-18.9863173751291,-17.4767761920189,-33.408475034315,-23.8014111095044,-29.3781327759725,-14.0272020223979,-12.1264864623986,-14.0839815576614,-14.9843744350278,-11.0492135861714,-21.3411811299902,-30.022191213433,-22.1215150350472,-18.1805049419745,-29.7332037421147,-10.5243206826381,-12.9607119483417,-16.3791260978228,-14.5494572301959,-11.83377741611,-11.2928230988309,-19.0793124710322,-27.6500279765442,-19.3241554900937,-18.7289945369002,-19.6047176935022,-14.5075622443846
,16,-21.9136848972839,-14.1352079978356,-10.613111409491,-10.9921506650758,-10.4675859565659,-11.1422990398337,-22.2561117870569,-23.5276178186332,-27.881487574803,-14.8306950663405,-12.3495846980431,-20.3760000309803,-78.8688904575743,-4.89308509092052,-23.0289345927958,-10.490765213995,-4.113345195894,-11.1206015984885,-23.7701528751522,-13.6928982797417,-14.69772261446,-22.4458431765052,-19.1974270374139,-17.8942663462699,-6.54472935842387,-9.03820256268273,-13.1456421972748,-10.2918477179669,-15.0971155636512,-11.3021477613011,-16.5168700999025,-15.2577925476216,-18.548649419135,-18.8319645977999,-8.77770750953323,-46.8552787663175,-13.8904577872759,-7.69523908453448,-4.97836652034084,-6.59665023086063,-5.42153226584924,-6.25394495482624,-19.6646621580453,-29.3164691225134,-15.2407492066563,-18.6046855183313,-24.4434073986045,-20.6817906382112,-9.02655728915079,-18.910447427751,-8.19023829144999,-2.4021928566508,-9.69018702335416,-9.60002773522365,-22.4673252439443,-19.6093490085314,-16.9020071715281,-38.0950203631737,-23.354203857737,-24.2697801800218,-8.48832436767452,-15.6194822062384,-11.9171953840528,-8.66200187269578,-12.292382735196,-12.8186944759864,-5.47474202437343,-21.3858086131513,-21.7405297739151,-21.7608393844826,-11.8257401173946,-28.8881251009097,-22.5392997750046,-29.8578538828137,-14.7647488061757,-13.7318227060641,-11.8852869101993,-9.2660945257835,-20.1106754170723,-16.8487305698236,-27.9560633827041,-22.4966561061178,-10.6674119154718,-25.4557038936964,-25.6467278291939,-14.4430858345936,-16.8541579207727,-12.3087111928494,-9.37229223244049,-15.8934339033644,-20.0857050524837,-25.7768108845753,-21.965662711902,-19.9233455648209,-20.591310985455,-15.543573714167
,17,-27.6302221263618,-17.0561755412077,-12.5856797811084,-7.92804207783865,-6.77830348168072,-12.3580984633263,-16.2522809787661,-20.1107567896934,-29.1227177237051,-12.0542770533953,-9.81896516341567,-11.2972739118823,-93.4109384353924,-8.12120626423848,-21.6529050115487,-13.1166711523592,-1.84219681578588,-14.3399020884735,-24.5607456000607,-10.356183602732,-22.2994385025345,-22.6321385545871,-11.1379463993107,-18.7742422908968,-6.75870855336098,-18.3428405238847,-12.3861019981923,-15.8936748688784,-10.4669226426395,-12.3827351816967,-14.4660866991248,-15.2007280732705,-25.9005422774471,-20.8316066329512,-13.4382764673278,-47.7526507169478,-15.8246068904004,-16.9501473132605,-5.54059094011927,-7.80468004233035,-7.11428232388698,-12.2453808541836,-17.7619369637941,-27.9423809577938,-18.4999681417612,-16.6485291731474,-16.7291568457345,-14.292664707551,-8.68957970380643,-17.7567161511206,-14.5363038605246,-16.5098995097392,-10.0758440154004,-10.8171572518377,-22.8103227473557,-23.2669006761657,-18.7553215386251,-48.3195457360343,-25.3919110939937,-28.5674585261963,-13.8388074654054,-21.0583231785026,-13.9644054001328,-9.87969854878156,-18.0978694340765,-13.1507088199646,-11.4426112948731,-20.6511532041295,-23.2364148358051,-23.2162875968993,-15.2263162550462,-34.1826901827617,-15.9385576195805,-22.4073661075322,-15.0260808446924,-6.08043364178366,-4.95082051109011,-0.455495274648456,-7.02143073877278,-8.59388196491318,-26.9903222276953,-23.6716902210505,-6.93585221126568,-21.5024726076458,-20.1686695033072,-8.35197883241062,-10.0575419217903,-15.1639778244298,-11.1264641997968,-14.5488663093652,-25.4386957112483,-23.0329823069983,-29.6769599579975,-16.5661989569344,-22.6112788864302,-21.6496804364315
,18,-26.1076190287563,-23.1209755926752,-14.9010754339433,-18.1819442239657,-8.75703273790577,-17.4928363714512,-9.35789720611319,-6.96955859598938,-22.1509112475474,-5.90236561344955,-11.8775960624362,-9.0681660489613,-113.555197779186,-7.19884555807221,-21.5263932878811,-12.380097881573,-14.0576278597414,-15.1697809169991,-29.2560707805537,-20.3091316550995,-18.8619642257731,-20.0194253072314,-21.4018234827463,-16.8034989587131,-9.77373994574828,-22.273527085129,-11.7725151760224,-9.37852692634124,-15.8953924221828,-12.3355352012641,-19.6733823673776,-20.5326154593831,-22.1352480486821,-17.1815378798588,-20.532068366349,-39.1619259858217,-17.1962778128536,-21.5271695988022,-12.2421560952916,-9.04162981008312,-14.5267516880153,-14.5049976426621,-19.9759651268291,-26.4522388936616,-17.8835195012261,-12.3677802802999,-18.7568033521061,-14.227905137895,-9.07899698120173,-21.4017236351151,-17.3223635046165,-14.2283643784631,-9.79349795395365,-13.5749855874651,-20.6048271800246,-25.1522928910749,-23.0292317348067,-44.324070541596,-25.5916227874727,-22.0356057169079,-9.75347015238731,-23.7651612198051,-16.1975888340185,-13.7407120469497,-21.7111004094313,-13.8536324483357,-10.6180840868046,-17.5531499600256,-22.5135623507445,-17.9578044249574,-2.00295179215391,-25.2848117604572,-9.44358403570777,-11.1743128691119,5.07028731735818,10.0205976113466,10.5512811690155,17.0275790620199,9.82482272664083,12.5932383868321,-16.7876610066028,-9.63976557546221,3.86514278814911,-6.90456251841397,-11.8397700939331,-10.3465708393387,-13.6469448012099,-8.37373326312854,-14.7488671154279,-14.2192613431662,-16.8738883652736,-18.1755299676429,-24.8909025964867,-17.8782031430846,-15.6041281798352,-11.0908453488796
,19,-22.88602006367,-18.3256167409618,-12.192894849677,-12.4490560228842,-16.5146889280018,-16.631015030111,13.929874679111,13.5085773749552,-12.8500180944566,10.9658287155712,21.0552310076,14.2589963804444,-129.673737394719,-13.6079344169616,-25.2621137670317,-12.0472994865072,-15.9924474075337,-15.3138158696875,-31.2159054473923,-17.8129145458047,-25.5960411274937,-17.0634141107671,-19.0055313411158,-14.5943374803742,-13.4832838246607,-20.3136745834604,-14.9419093598472,-13.6000279734167,-13.0787208714337,-12.7049980535216,-18.0955566902144,-14.1913658963786,-19.602057665039,-15.8952291257051,-16.6610844456063,-33.8799637764041,-15.2257111406652,-25.2611739538502,-7.29663647323969,-10.1840885853903,-17.9537180732564,-15.4742269449685,-7.37405987594093,-16.0997955779394,-8.51058561708805,-4.91780372513722,-8.21600138292479,-10.900709900287,-11.4235072888209,-15.7130803137102,-18.6721238075256,-18.8326336710384,-14.2519413242626,-13.2410010616827,-14.676531321662,-19.1483699324631,-15.0374314005226,-30.2319525702778,-11.3438423978509,-9.50734542148757,-11.0946272700221,-17.4127216610023,-19.0723209847915,-18.9005019607434,-25.9126129853071,-14.7231641134267,1.28938237880129,-9.24706380212729,-7.30279477611657,-7.85903953450861,13.9443406294267,-0.111357679279536,19.936694232128,24.2328054234554,35.5409603755525,39.6621302442613,38.4911224996476,41.2436174494205,43.2363094983371,51.7895362837935,15.3436680900386,11.7547363733561,41.1922679257364,20.9449244463694,-17.362151248773,-1.61159216401529,2.56145180706108,-1.48873203770972,-16.2648144380764,-14.2662811305549,-6.57206093538707,-2.10228614189919,-15.7906424546754,-10.0122554154891,-5.37458510411398,-7.35088416229155
,20,-14.6819865040752,-8.90337043707268,2.85654679509707,3.36583198869494,-1.95445162342094,-2.88721699426651,72.6545671804042,74.6409365769655,32.5052573760431,49.9548422780413,61.6398283947501,60.01119225209,-142.361682386264,-1.04960440186233,-12.593580056337,0.391152525932284,-0.746962708709816,1.98533666783169,-26.3403729881079,-14.1073835001025,-9.98426428981065,-0.620210037295692,-4.31998058837917,1.85145484197892,-7.39965549988347,-8.8101127926102,-3.44249216208618,-4.6759747912065,-0.837361935347417,0.765426970591761,-11.061733267406,-8.05944284999669,-1.38796453006262,-0.504226896801356,-6.27052472465039,-21.4611838648461,-9.69331219223886,-16.2832308467523,2.4606160048229,1.84510482478936,-2.66317241515162,-7.2684575456592,10.0524936603738,6.63510076633565,12.6263281302204,18.4779505107663,13.8393283740793,15.3116151104482,6.34297162272014,-10.1017567344584,-3.68468322400486,-6.01980166586873,-0.532355891565203,-0.16987859567962,-1.13802617604642,4.74506249642536,13.8665227533734,-5.9530098099649,27.2472545884984,25.0888459494627,-6.78197366555105,-10.6391142019188,-7.12020043784969,-4.60728477892417,-9.80508190616638,-4.02672227106314,28.0637408923872,19.6699785900064,24.0615594006158,20.1943436220458,48.8578820346465,41.9644107008917,83.5179460375484,94.1826080731971,105.863598151243,108.802223044806,98.5673039309686,107.363862069867,129.300958767976,136.806950215785,92.7410601344218,84.9368172330205,114.049515954226,86.9254946029787,0.708558622703094,8.89710883354837,14.3412620555778,15.4782365740152,-0.260749924141237,-1.82815227048877,21.5922227690889,26.6021874380149,11.697657943243,23.53685686676,22.9551705696103,23.7154697078959
,21,-8.82923237201521,-2.25255406182259,5.39593097226498,8.77248483763242,-1.11507388271275,4.56187387864838,174.466601307673,180.766801190277,104.241550455031,119.648330804696,154.576745764113,141.173956248534,-158.281629939,-4.55180047730892,-7.41464960296707,3.39312555118522,5.28595622807734,-0.404216563728824,-18.3486969382366,-9.59819436366615,-1.02100528015808,27.7856782610347,19.7389817707372,20.0855035191616,-6.27027478663877,-9.52812647255041,1.13287809294388,-2.28451846851476,1.45487452731777,4.52454144410785,-1.2014775181101,0.650125228552042,31.3651944528983,20.7885559983597,19.513148148128,9.47819608638883,-10.4808623205349,-6.75339791176611,0.310912414463019,6.52763349983115,2.27133034577855,3.553942657687,55.6990767184684,127.687177011363,55.6365375014921,53.7823226095111,72.3839878081017,70.256644701291,5.88062757067428,-6.56563358407993,-2.48306913319902,1.37936420289452,1.88489069301886,1.80971411501923,30.1860649905007,26.0765335443789,61.7516530436251,44.0498681385197,94.0470156933529,96.4243887946222,-6.7794863496124,-4.14087649510702,-3.60465459214311,-2.18103146047679,-9.10170642996263,0.94050843097466,77.6569895002272,77.6621275227872,82.2546521479571,78.3490635521416,126.465287403686,111.803254286372,197.809796054539,215.000867230159,225.253708788812,218.373956901784,208.671802594184,227.953275888309,279.668706950598,300.609496736156,229.15813526463,219.567524546737,252.23235863533,222.89853272774,22.422072614183,35.7715799929601,52.4883968257009,46.8263139264409,-2.32699884513704,0.72918740481191,72.1173894751278,88.2457893475862,75.5048675996873,80.2867633427777,68.136269275155,63.7997332474415
,22,1.85953303547876,20.7478008218259,11.9299352549397,0.493315675289068,-3.76022403230627,6.72501538323968,375.853329626474,384.785827998308,246.178142510801,262.711357897648,325.571589557339,318.387212092382,-170.283219808085,-12.2193023956997,-0.463252949033631,2.70259096806467,-2.57532765055521,-5.31601754759549,-8.01541845038355,-2.86611434906763,14.475156479019,68.9803819907402,65.1837030862202,62.1106868621541,-6.95416535488312,-22.2093324723419,-3.16451144582197,-9.52647623859639,-13.930234562637,-6.00377690644837,19.6226912966977,17.8509562613535,73.5032287363792,68.8576455821112,68.180214768151,57.8216282583871,-5.64395167220755,-9.70943037746565,-2.81163361516974,-0.501025994407428,-0.0120941981103897,3.18912096677286,138.661778184794,201.248904251338,123.6980509188,123.510008678021,179.848260517926,174.490552272796,-0.0244801680041746,-5.37005157131125,-7.8139478148214,-8.98047690106569,5.06261541932736,6.6516835702555,87.8108349467911,75.5091647950071,147.950527485939,120.116666365518,212.776001820933,220.149304448382,-0.390092669932528,-2.91405854465802,-6.38481209365727,-9.82282999027439,-5.81077721175234,-0.440972555790722,177.222128843256,174.886986044487,185.845943536217,175.815555292189,264.479333555938,246.964242039361,413.397952772996,453.400023805072,438.183175169243,433.708928322415,411.486178533567,454.041160564684,580.763447110292,605.361196721316,488.608181503935,467.468283243029,513.883685802968,479.120741735837,63.0365648908064,87.5133209130049,120.956730978608,117.472601965928,8.82911691396703,16.7564449301544,183.0355508391,201.952345644792,194.421926802234,190.898540834673,165.66972189213,157.248132687511
,23,37.8622899046213,66.2114623246448,33.5919289539129,35.9981078599562,30.8586456818821,42.8801076485825,759.258476291703,784.451722712367,539.860774668076,546.004913598541,661.276376616651,655.868907719233,-175.833843511008,1.08804096625681,25.4284986311573,40.4692770754154,26.7606415731429,25.1662109497265,35.7130537879893,20.9234697893339,84.7380610357482,180.412621933194,182.167633887429,162.676195352775,4.20208466308941,-5.2631491979696,24.9094383696215,14.6966111355223,17.3698101572772,19.1784912417543,65.9549586891521,70.6564452462053,187.233206429832,164.831966086798,169.762419859137,153.966688642266,25.8220870136088,26.2652582022256,25.9117944204659,27.3924812111004,38.229307056853,44.1901437111001,313.473653865163,375.151755043855,292.769243748583,279.527348671392,408.552795559812,383.586125930217,34.05395993914,27.4618093677582,20.3577324086723,11.9820730047281,32.8460193377109,36.5626468911528,220.393366926371,196.851977442731,337.038999158417,304.961627569498,469.739823694608,491.559694868971,19.2213196911921,20.526416073164,19.3688222431219,12.5540310191031,27.1863184539129,38.5681083742661,389.167489210982,397.373711754667,418.115185520605,400.225535040883,561.390851661267,530.638728718425,693.893849973017,751.779907413193,740.629213586424,722.773851349839,698.981546306915,748.879438369207,1151.36613958042,1185.77270996376,992.500433945479,952.094499256757,1010.64508645591,961.893964443855,150.073116975012,182.445446740898,266.069049624703,252.630075665109,43.9709854825319,55.7999782469351,401.774300899589,433.308616025163,453.256607607495,421.172058676432,367.511567998651,341.794824211407
,24,92.3794244594314,143.436479785014,84.6505241507743,73.3222707820628,79.0740885611081,92.1449502260803,1432.56752263057,1455.63447083045,1060.64685009664,1048.68840914072,1245.80852492805,1243.36219448582,-184.085363324624,8.86945108231157,78.3115830394413,84.6435323096939,57.9438188013028,47.5454949244177,111.388897299496,62.530572316427,202.02469688817,382.63772522433,383.134772087614,354.453703812066,11.3572271620747,4.49861751096296,48.5604864146922,38.0458677941388,35.558491365829,40.29328581958,173.676918369457,155.487248778087,397.696006201135,359.10407576739,361.58443448865,330.479645170239,67.2835016764298,60.9581808328294,54.6693425492317,54.6231644919908,90.6044686796081,107.054491644597,639.983397096532,688.568486306479,590.590317933626,555.776597757491,804.332650558559,766.763299988407,62.0392774950824,69.3039821358479,51.0068965834716,40.1141740226299,76.6059215081968,91.7656795560042,463.574531335206,416.266486483939,693.190673327681,653.479607249542,938.507176554762,976.746407700635,44.9774400764636,66.0021279876478,41.1332235026907,35.9370975585066,70.3752148614267,89.8597410524067,778.256831879476,786.949434344444,842.000301458245,800.04490235809,1080.70093817561,1037.02731174878,1046.81582893288,1176.05387990583,1138.48838484253,1105.62224773171,1076.63067689338,1166.96125642957,2133.85393560306,2167.95218360027,1888.65033944418,1820.19403893216,1877.86204444327,1863.54247946299,306.450652967525,356.40457195746,499.104031588356,476.645406445079,105.551762708708,121.859196914523,804.254837484306,857.279940630371,931.401159199817,850.317701778726,736.851236863246,694.076494096443
,25,216.874674543117,305.847466367534,176.087144549039,162.619036240961,164.711804127127,192.96000448987,2377.51113602933,2390.17535475184,1927.12879877486,1875.97029266087,2106.18707701618,2160.52352164063,-175.826381599853,35.0002254458418,178.249574570519,175.676876744403,104.873478643843,108.949490982113,261.47205826313,138.009601384905,427.94536911382,761.358883423523,760.99208073606,707.625533877211,38.2157609663504,23.817703799295,101.93226237219,81.8345669100149,71.7821944176353,87.4867455867252,359.501441888633,328.343809356228,800.690915324467,719.423482061952,727.812739300471,679.967313775885,153.448369419635,139.120076978594,120.045777644695,114.293357439481,194.269361327686,217.000911435576,1221.24709357628,1252.67810862475,1135.69923037626,1068.94420360783,1491.05205928436,1435.83193532262,128.432792842987,149.067836751794,97.6534720278623,86.4249525241526,147.75878519177,191.76521849514,917.229496324632,833.600930515752,1337.69382058553,1254.01666886351,1778.02741178675,1873.04441070872,106.263234554896,151.554183304926,101.856996948031,92.6017957854083,161.238299649835,181.504306738337,1459.53387588221,1486.82598260129,1587.51586834917,1503.10647774071,1992.09455627531,1967.01414335309,1533.05237748915,1676.14539661994,1669.30196115337,1629.74650393217,1589.65804466175,1664.90869966667,3223.72166631148,3255.81191379167,2890.87467865931,2790.7535690369,2845.15126017542,2870.98479063349,597.645646381288,681.860550944837,886.962155963972,839.394416201725,215.662180337501,253.349660889469,1516.02388047504,1606.64038282323,1863.15993540183,1591.82663671579,1402.42574648573,1304.33298649019
,26,419.994634746335,560.974159010114,342.023057248801,324.389407945705,330.261924817745,363.753268404128,3441.37622550771,3444.37423153472,2885.69731490843,2794.72999923275,3075.21294910724,3179.02916821436,-133.460665034047,91.9004851950363,353.028303583138,363.829060235997,215.905450261042,219.734538187615,559.081362264045,296.045533654249,852.718583564997,1439.57242025217,1434.24264773597,1339.87809040799,79.3092654957049,68.8326060174527,215.186038486733,183.218655504885,158.215191199673,185.677443047714,722.554796337592,673.159256303415,1512.78552012144,1370.88804975098,1383.79363135699,1302.88357804284,313.716978694435,286.12694914171,246.724765799453,229.416198382268,380.791224163634,421.385129698986,2160.86328313188,2188.54195986582,2054.75022233225,1962.78140009806,2449.87843177554,2422.49081410149,257.113660742895,310.479339246852,209.492513536562,193.682745320535,290.439289396641,373.832754195082,1807.69106589624,1557.4740460075,2387.2959778976,2223.76362451506,2716.88928566072,2875.53691392909,226.077247192082,305.401264721801,206.7827995486,198.988476535489,332.857138519494,367.336012354007,2400.92285355422,2520.97894937334,2663.68417994771,2527.06859695872,3000.03073954511,2998.72645673605,2064.0397330038,2265.121109853,2255.8681296482,2205.74109461059,2161.61930713788,2258.43487988537,4519.81267581563,4543.80068795071,4093.10937445214,3955.00999325565,3993.59452814391,4061.6047026185,974.010316582968,1101.84451065886,1313.39276629349,1237.94676262616,432.340015896812,497.062063184138,2610.94261105343,2709.85825042978,2916.37273600255,2670.09578402792,2485.94801368907,2336.8814156668
,27,713.11420206774,893.113367893269,601.282860618376,595.519317904952,590.384959743657,622.953752272162,4700.07086570665,4692.45621377922,4034.99391966914,3888.15665206539,4222.8221769059,4364.7932223816,-52.2776083396534,201.785534932221,635.208029601549,646.264257133076,421.627909473546,423.528930334731,1094.72812980815,611.90080858586,1580.6427439171,2388.26304636689,2383.1833162088,2259.21218180061,177.895924060134,163.440990500897,408.935244856096,364.191469249143,321.580520456102,362.614758295007,1383.21295126081,1289.52922762684,2552.7487358355,2319.66622418724,2355.33167621458,2233.04359776416,574.499947658994,532.86025001173,460.681085658631,432.631601141185,663.278351522072,714.939914947916,3181.58816723367,3197.51879089655,3056.4778762274,2935.72098738844,3511.7684813654,3488.10741803599,447.245737647626,588.505887835782,403.154443751924,379.938839269274,535.382120872292,649.080571448133,2784.8515125528,2581.53890764567,3516.96914717741,3273.33544518058,3842.72466725297,4064.38537707645,440.779211349933,569.579837113577,401.746802345647,391.85104313581,605.553313338917,657.085535235298,3426.90378924335,3633.40220002421,3834.59673354907,3632.38538629721,4189.00369129835,4206.24028371531,2637.09749704318,2903.02418149469,2896.44017387127,2836.56002159769,2793.60997264178,2907.20669314041,5997.15351940885,6015.20876921317,5477.27583580717,5289.71060279757,5299.4212605937,5397.75227467411,1347.89853939027,1513.03041645077,1775.82520561205,1673.43002803671,770.75947889355,871.320270022446,3766.94861724044,3878.16302181778,4167.18807491486,3822.00044079061,3624.02846622449,3413.90267823215
,28,994.97842767272,1293.82964874301,896.039989922715,922.467189753113,867.184708813193,895.373846545788,6146.50933276706,6109.95336671947,5387.91170589815,5189.12485333169,5555.43185812202,5753.81538520865,97.681126323379,387.334531870262,929.88347878913,966.774109714828,692.841878257828,682.797248810414,1997.37580789898,1188.41965432533,2491.42002834571,3474.20098781998,3457.08128096035,3299.4646955633,348.110539913288,336.88067757114,686.825907528204,649.075379247083,568.614430734392,630.739720650306,2421.35321938994,2250.60879529397,3722.14613486487,3392.34129727453,3449.43865991041,3286.28652123602,876.628566621837,807.190996366448,741.890362060121,709.658646899096,966.820081807902,1024.10577940688,4422.47873850504,4422.8408371169,4275.30000234228,4120.32712067467,4781.62092925748,4754.08963447726,676.080721224665,919.183060629736,673.585652781014,651.965337676936,807.566921421251,961.45685615153,3997.07002266763,3728.6147604746,4876.71269039573,4540.32972160448,5167.71577620197,5461.55561196236,726.296193499334,889.693739890763,685.203626771018,676.531065056253,918.926753227724,969.899979807893,4644.01074557351,4954.73864765968,5217.77817065534,4937.9496415939,5575.12852756493,5621.6968571429,3281.12827730821,3624.18064060301,3616.76424841323,3543.26694976007,3507.21939208408,3633.07996025589,7591.54528265567,7582.80674139115,6973.81051162506,6748.91920149622,6703.89636945007,6860.77109043291,1807.04007966587,2019.65998731579,2338.76189169678,2211.18804465771,1104.11507873234,1297.83605851134,5125.49283481605,5246.7756087329,5631.8517812414,5167.91765618735,4977.11618131056,4683.63147345933
,29,1511.86776411352,1785.84627433941,1365.12844140516,1428.26376670702,1340.71182036443,1375.09820451074,7610.9810056363,7530.77424969591,6845.76664466974,6581.29611205193,6927.69184878413,7196.63638992551,405.13971524356,709.970426349378,1383.03010320791,1440.08953452881,1105.4888038066,1071.02706764147,2986.82094156547,2093.25458409345,3549.59629085459,4755.20719909432,4717.75379873603,4508.15159323254,653.677507605127,635.065704175267,1096.13470662577,1070.02934240598,952.865613793946,1047.80289885553,3551.88596192895,3302.49016669276,5090.35409716055,4655.54997924238,4735.28421781744,4515.17990896032,1327.76117501975,1224.99158019991,1160.56809620704,1101.60776880415,1463.24588006078,1534.42892329735,5861.63311445976,5846.57648552421,5696.81970081066,5500.96973201096,6208.20128975978,6185.89322161836,1024.17233163136,1395.33222751092,1074.1325525358,1064.80923632065,1232.49783952441,1468.2065775577,5405.27281586583,5056.04695946647,6443.58733583925,5997.8978286204,6624.83213092498,6990.56665876922,1150.48538451465,1356.63483711414,1085.58119765952,1087.83229344591,1389.22048354739,1459.93129420564,6010.40325119974,6452.48487430414,6779.59449945456,6410.66169916406,7070.93456004125,7161.67530347697,3962.55836879879,4386.07550109432,4382.76446032729,4299.09367378083,4266.18025334036,4406.78484609125,9116.54173903683,9068.58828446338,8415.9399669198,8164.23254948536,8043.90094051316,8282.414946535,2346.95761086806,2619.35095758978,2991.45714600914,2833.02604114389,1614.15433570919,1795.59469940767,6643.98080699725,6771.3486185685,7254.15849754898,6663.59564644443,6494.77856761422,6098.29459013442
,30,2049.29122348996,2373.01524426952,1865.08614674444,1979.73413388931,1850.21696178947,1883.78190464581,8948.49161579689,8815.76360497084,8230.16054104905,7906.40435844096,8204.42320079923,8559.21209874829,742.64000735023,1058.7321900248,1866.02510594908,1952.16942798462,1541.13164368888,1492.00504472543,4166.05520090949,3077.9821589265,4833.90430906932,6236.69623741188,6165.8693503399,5906.81537219969,1026.33983621895,1014.58037701858,1524.62838591949,1508.75759031656,1355.79913212565,1475.38502980071,4890.05740176568,4551.44656532057,6667.30811893469,6121.51735745704,6221.38774650798,5943.26414267431,1811.51990045334,1670.51545779146,1621.08501575087,1549.05841295654,1994.48464672282,2074.76758507553,7388.69459175633,7369.7818733208,7223.59170961855,7001.70955747219,7642.47938981863,7649.05756841077,1383.47293432766,1913.49670049344,1498.8939614414,1499.46968535092,1695.08418589785,2009.85710035703,6999.66460646689,6561.98582713597,8097.08121754023,7538.48861944463,8044.39028858497,8499.8575786094,1588.68577311286,1854.7298521275,1500.02939323907,1522.57261424444,1897.79194346975,1980.23687853658,7383.66569173239,7984.98984463043,8358.73371683118,7900.50191887741,8509.88291089418,8676.41788901164,4670.92845200199,5183.51123340386,5186.20680837607,5092.60789511676,5061.08958725207,5213.67780342649,10446.2156653733,10354.8918568471,9676.63627625343,9409.06525908705,9214.17165675483,9544.10463491117,2965.81211771082,3305.49322244991,3707.6678128737,3514.71668424215,2148.0003559133,2378.07400827705,8205.37715437038,8319.56026897089,8879.09840307984,8176.71281460966,8088.14549705818,7573.21462186048
,31,2628.396132251,2983.7720462293,2415.36529956582,2597.52197637743,2413.40406593035,2438.2355818144,10072.7868146313,9886.61815788671,9420.33128853854,9039.72092356713,9277.59873848949,9696.32840587774,1062.87605842944,1469.4390913117,2397.3615302799,2522.29523920593,2036.63757230176,1967.65414761312,5529.46084293682,4239.29559560183,6239.0465687515,7716.2291611162,7609.42560458429,7304.36782804887,1439.2903014968,1431.58850206604,2014.84302955647,2013.31154270386,1820.01550324918,1967.43497825598,6411.59149245008,5979.64523783167,8246.51561674404,7601.07285085186,7720.47024674746,7386.37910949678,2350.80516536215,2161.89643485331,2134.82845856779,2050.12840904254,2577.73695698701,2666.45375651377,8787.92807322974,8772.26350562496,8642.83556284648,8407.84376753457,8910.50669970498,8952.23600707772,1769.82134447303,2488.54547588109,1984.228459425,1998.42721197813,2213.4247346016,2607.99918092769,8555.25168180167,8043.13818783227,9609.71718826953,8944.03377762475,9276.09644291429,9800.78101311398,2083.74310870808,2402.63823744873,1971.8696619713,2013.76274004788,2464.09372680158,2555.44258204277,8588.70419775176,9348.34504726741,9758.21523251831,9223.74310762299,9745.09124049125,9982.13780593383,5351.83893919918,5944.33440010345,5969.09055479522,5865.9617216999,5826.30926284936,5995.58860374631,11542.6085407248,11417.2511841216,10733.4058408228,10442.6427576362,10175.8953908288,10587.3592334925,3598.02937242821,4001.40583892908,4431.49397617411,4201.32358530553,2733.46533353837,3018.34545611497,9581.09027689469,9672.05196983241,10300.0649766716,9506.63708297225,9516.50969110197,8894.73003434644
,32,3256.99551131172,3643.82057672095,3021.71973093623,3294.15831778236,3025.54226789857,3037.22393441805,11000.6726302098,10763.0248724967,10401.2877950053,9973.44126461938,10166.1596512798,10634.707945133,1575.09492295536,1950.89699799285,2980.85175670292,3151.07657591491,2616.5350812523,2520.51794669227,6998.75756167317,5582.09830367415,7615.53360434624,9050.15792965285,8906.18547476189,8582.79600785264,1929.96233389198,1920.23711211094,2589.61960245945,2609.79221053434,2367.02436329161,2546.89045851883,8005.08199760606,7466.55477082914,9674.31793258354,8951.35562205826,9080.33867068851,8720.6541938521,2953.62232241546,2704.15637686223,2731.03447437894,2627.12514931551,3209.39667832909,3304.30391200751,9970.50163949994,9960.56997008947,9856.17324488408,9620.3196703844,9967.29207170147,10042.06686033,2192.52960536074,3145.05894613488,2550.63332974704,2589.8463664424,2795.38916958231,3266.61890186258,9933.65526005086,9361.71600113211,10886.0765115561,10141.9349096181,10296.3136709057,10883.7824487369,2661.62296626455,3031.06022907912,2523.22969577787,2592.3801339026,3101.05547358088,3198.70614533204,9595.20941713218,10488.7981914885,10922.1255675351,10325.4389261915,10760.899074565,11067.944334836,6019.26428351079,6698.71031227434,6748.9942212009,6627.32873786265,6585.74326549388,6767.92914146147,12441.6775008445,12286.5224547757,11602.9283813567,11289.9557964146,10967.5145473383,11445.4684077065,4259.37554205428,4730.15789795202,5171.85617282587,4903.35857154279,3380.05663631215,3722.38931078596,10737.32441391,10801.5127827009,11487.4859771733,10624.8224586802,10726.1405750413,10016.1427535609
,33,3937.7001332467,4347.97028305268,3675.20672702807,4050.62459134702,3686.21953552436,3681.42594030065,11762.97965768,11474.4621708828,11215.3602140543,10738.8328497873,10887.6269551145,11388.9020261797,2131.12925369838,2516.98298094842,3608.71464912779,3829.0016900444,3249.75669324325,3117.48315059442,8389.02456117701,7013.00791366582,8814.53396901945,10170.2249065812,9992.46272977502,9662.49729059427,2508.26363753165,2499.66931296687,3217.2076704805,3276.67948079777,2984.57088104228,3194.76767776314,9467.45031860475,8832.94634812999,10864.8690383009,10085.5794591294,10226.9433031662,9856.81732227736,3611.1081165882,3295.0519845045,3374.94364236644,3250.96562779837,3887.11144231654,3984.5113899424,10944.8659969427,10943.3177396801,10860.1864650047,10626.780790467,10837.0286253591,10939.6481349762,2663.22480929367,3852.65278435945,3167.77248059857,3246.93565198137,3424.08800470275,3981.0990744061,11086.9380468656,10460.0773217712,11938.5567351985,11125.8530300895,11136.4045407583,11767.344770895,3294.28143620209,3714.53619432419,3125.0653171109,3231.59851868999,3790.35499714155,3898.20222210797,10421.9516802562,11427.5115440225,11870.4212195196,11232.9535914631,11592.9710193668,11962.2199461528,6677.98515926663,7444.5694453371,7517.471117036,7368.90395142296,7328.50190778171,7525.5612384635,13177.9041362647,12996.4974375667,12309.1291425632,11988.6849810926,11613.1502677498,12145.9229912497,4944.67765468188,5480.40315679042,5921.474856134,5617.43193305381,4081.88623184775,4481.18479134355,11686.5645462059,11727.0693544939,12462.8911171876,11543.4957220437,11727.322426504,10946.3514116052
,34,4690.046731103,5119.40086396638,4397.70306574248,4884.56718703976,4415.6121198476,4386.57026455418,12369.9424752473,12044.710551983,11849.3959268472,11353.0145339179,11474.3096027517,12013.03129152,2786.02472146467,3162.8372357669,4300.09284594546,4567.00225418107,3951.50187437754,3784.24759731459,9571.16251306416,8352.85686529706,9802.76810241762,11078.3637169879,10885.0095247576,10554.8051813016,3187.15706252795,3172.45570655396,3915.10690855596,4018.19798067481,3676.23679985649,3919.6110989698,10692.7795783039,9969.91010798811,11826.3815124327,11003.0272667319,11157.7836322451,10793.5726594407,4333.81749641563,3945.41065142552,4090.89388450125,3937.59931081267,4621.85987928302,4718.35676475386,11726.1042923441,11728.7906913531,11663.4117530012,11431.9250960149,11532.8721734058,11668.1377042396,3193.10960749801,4636.66369984231,3853.28633062966,3979.88298587127,4110.87778057909,4765.38334997791,12022.0270070165,11346.7960447971,12779.051395626,11913.5543181766,11808.2391807881,12484.3710014764,4006.46946431425,4473.60601835485,3795.64031609427,3945.22025378325,4543.82607910027,4661.756105286,11093.384924257,12179.4408348667,12629.1519160674,11959.6884278051,12258.6274868003,12682.7835084369,7337.4901737841,8192.78400310455,8291.40467767724,8115.98654315424,8074.63473198805,8283.9759293241,13770.1579444339,13561.5846323626,12869.7440519495,12544.7393731451,12135.4082354691,12723.9676731337,5662.09570133704,6272.43262813055,6696.24481740869,6351.70706456465,4845.34111548129,5304.89931814956,12464.4332898087,12478.5946167107,13251.8726577004,12296.2024889031,12550.4300541619,11713.7683702468
,35,5438.37878401167,5877.72252014693,5130.38858626761,5738.33884349585,5152.18866684554,5095.06492007238,12875.9517777694,12522.7359413197,12364.7400835886,11866.4581763224,11962.4155835679,12523.9239336351,3483.55222363594,3842.84518088258,4992.57762342106,5312.33985501783,4674.29311352895,4466.09483602072,10552.1885076892,9500.1460802765,10632.7475240946,11830.8562660859,11620.9578093047,11287.7869868905,3910.85116907451,3891.93500625058,4641.07074959046,4791.98720475763,4396.57600918194,4672.9001697077,11706.7989587446,10916.0178482343,12617.4212957302,11763.0640037515,11932.6182063755,11564.5191694723,5069.76558290093,4614.84354584743,4822.51492974751,4648.11335202756,5362.50901884069,5450.26952051307,12382.7539401876,12376.788704097,12330.5840095336,12106.3700886436,12109.2348058888,12270.1171791872,3743.09744374316,5430.90778428167,4560.84062598653,4734.78736770785,4806.31502809317,5557.64549655628,12790.5429542488,12074.0696359681,13473.0425102931,12563.9408331305,12369.2072468301,13074.6480359145,4737.90273621208,5244.88929499022,4487.24311281706,4680.57999396597,5305.71257377914,5427.89810514463,11646.4193036087,12800.7883240824,13257.6274068598,12559.4373092423,12807.9369565179,13281.6595252537,7957.29165183066,8889.90453914766,9013.23576467854,8814.35925152459,8768.67134892243,8988.52672302024,14256.3821650368,14028.5631197896,13330.1852455942,13007.0527534416,12567.6974413574,13196.3807154266,6350.96062732158,7028.58039734784,7429.07479986424,7053.51732982665,5606.06579975343,6130.68635077627,13104.1450747825,13099.7916405369,13906.637568354,12912.9632603898,13228.1222141737,12344.4627824139
,36,6152.89198858689,6598.39116067402,5849.71882032542,6585.20443542752,5869.53012707514,5787.13293476274,13281.7976485352,12903.7936990437,12780.3200224349,12290.882204963,12362.3111511899,12948.2781467805,4194.26461023403,4543.25827172715,5676.76263643017,6042.02199399001,5395.73717230948,5151.24749755371,11363.1776481034,10446.0414224891,11340.5489187002,12454.0027813321,12236.4533706497,11883.7537879516,4664.04597601744,4641.65136919628,5368.42120801408,5574.83930859149,5126.50365312379,5433.73166072189,12546.590266519,11695.8583186222,13273.5718668488,12390.9077958181,12560.8054596429,12189.3138735364,5787.03034428573,5282.933714474,5555.86864036544,5357.02196398707,6089.5427155523,6174.48859605322,12916.9233490041,12905.2599392288,12877.084577378,12654.5024577326,12580.4223432897,12759.8325588963,4301.67440067008,6219.24625948845,5272.55064139132,5497.22153396644,5497.34711848868,6336.73685936396,13413.8237666465,12666.8926099716,14038.6374179971,13104.2772650651,12819.8122460811,13557.5597105432,5468.7378542538,6007.17227584327,5183.71580322881,5413.97506437406,6056.79301227736,6181.7136361297,12106.0419862605,13314.5936060347,13777.5780613948,13060.93069375,13263.6426493825,13767.413022528,8526.24427070195,9520.66958780708,9683.65881770928,9470.73709623926,9411.61967014441,9644.44970375779,14641.9283359078,14399.8745243194,13715.1934965875,13375.2064386543,12910.0053731294,13573.8586939065,6996.43595420233,7734.39219727541,8115.82758894256,7709.89683067679,6346.49095270718,6936.43196108377,13624.5209465816,13604.4159457219,14451.0075675747,13425.478520912,13777.3047303177,12856.3298040513
,37,6798.36684929256,7250.05286532034,6517.12387636602,7382.28673048052,6534.97221393194,6434.49366790364,13622.0883135058,13221.9432117985,13135.3445983298,12637.178473126,12688.308474585,13277.0124868678,4873.01448493142,5217.43047989358,6306.89653633042,6721.4127363633,6086.00630455831,5794.27480775136,12036.6825530971,11222.5374869589,11948.6660352342,12973.3254482926,12737.9122865312,12361.9839230242,5394.73731590481,5379.71260249894,6062.05844357318,6327.140698175,5828.02323647531,6166.45228657471,13240.1230534951,12336.946794149,13824.0923241927,12922.4491404332,13090.7729921282,12702.7221580657,6451.49999223492,5918.62966639999,6246.72874019716,6033.35659832718,6769.50637462162,6844.77391020483,13364.7983695657,13345.1230386778,13341.3994139184,13122.9130098673,12969.3674566332,13156.3574654311,4843.95562717326,6956.36978267646,5947.35772132109,6222.07496943174,6149.42358069634,7063.4643349763,13921.9987266804,13160.5944697779,14509.9660806338,13564.6901401076,13197.622569689,13948.2254147764,6154.22356124747,6717.38137255777,5844.01231669643,6116.96812237173,6757.58379174618,6885.1432243026,12494.5628300165,13744.7897752499,14206.0687806533,13476.0068046818,13637.253888566,14160.9703520374,9027.34263881869,10077.6890670248,10279.9776191098,10051.2085348975,9978.87790069245,10224.7665189542,14958.7661561559,14702.0937310869,14029.2672145633,13683.4691697734,13185.5318618836,13855.7104675005,7574.56054323085,8358.7544756078,8726.01708325012,8294.44524468315,7032.89269133747,7678.5220942003,14050.6236240692,14020.3505936448,14897.1771584409,13834.6093345986,14216.0045216654,13266.8316701063
,38,7452.21073869658,7910.21704531317,7185.06618772392,8178.92293033461,7207.85055679979,7090.48813722936,13863.4515637231,13436.2817292125,13392.7356955571,12891.8161784324,12921.6477249347,13524.2449301585,5579.98379580844,5921.24237720615,6944.20695471376,7397.76445973893,6778.44423020607,6450.92237871436,12569.9192555877,11845.6553970675,12417.9604430019,13379.168947068,13128.0865231306,12737.4547837546,6154.50493004652,6144.80580977987,6761.39243180871,7079.75700704623,6542.03585512189,6914.39860749832,13783.7018624312,12841.9920381939,14240.9465512197,13325.7145155647,13496.7854248229,13100.4142325094,7120.89701054628,6559.42050757471,6941.70705978441,6705.44659892471,7446.39123588013,7519.7492672508,13700.1120308368,13673.9458205599,13690.8950681815,13459.7095701987,13259.7931330484,13454.8019799957,5412.92400964513,7697.37023248857,6635.36216262388,6956.39715646229,6802.42827961038,7793.70572631137,14310.2346197909,13530.9702732719,14859.8554251068,13897.916640536,13473.0333369445,14233.8565725102,6844.33528321896,7429.90496719232,6508.80828462995,6823.47076904904,7457.66466946978,7589.20260500769,12786.020614003,14062.6291451816,14521.0337744064,13791.4407416023,13912.3940958762,14456.3854118384,9522.801891398,10628.8599685811,10861.609761046,10617.0273387505,10533.015356172,10798.8543893373,15176.9328504049,14906.268398965,14251.0349700773,13894.9620688124,13384.8409952422,14061.9429919736,8149.94961723439,8978.3318544156,9334.44394423554,8863.75358926645,7715.87780286097,8414.9727145307,14370.1428774846,14331.8529314477,15231.9889596159,14153.1769918955,14562.8747990134,13582.4701681337
,39,8073.93386684215,8538.31802780463,7822.33761635049,8931.86972247953,7848.42122216837,7712.92517214438,14048.5319508118,13597.7162265067,13578.5592944017,13075.2857148966,13098.3634717067,13706.8128351224,6267.06039263093,6595.17346105302,7544.03607862062,8040.09157896529,7435.74002169176,7078.9296068445,12998.3416645519,12354.4356033404,12797.4141396115,13703.9493719501,13427.3148602502,13034.1959003231,6887.40041434652,6886.7207131859,7428.17001823519,7799.31654990837,7220.73228405118,7632.00813816424,14221.3848759943,13244.7902370575,14571.1663922208,13644.336960998,13822.0080463192,13418.7212429058,7755.90441796685,7175.33332217301,7597.95344502525,7349.40440361578,8087.10486235407,8150.91738476868,13966.566357527,13926.9638248223,13958.2949323783,13725.4016443946,13473.8405034237,13682.3988112638,5969.63130507093,8393.58457964787,7284.2943019684,7652.74974345948,7419.71811829527,8484.2790936623,14617.8205457959,13827.5552254231,15132.7681698182,14161.8708897598,13682.0915651506,14447.6314464932,7490.35317317605,8102.11918341737,7142.60095852113,7502.13798002086,8115.48612092505,8260.86382825429,13009.8964221509,14297.6375915662,14766.1307725541,14023.526575302,14111.0758781534,14681.7788497942,9977.37654621711,11146.1266007566,11408.7149059187,11143.0712660746,11042.8726360237,11326.4983142841,15340.2682755044,15047.4106920887,14406.1171852431,14048.5169052945,13528.4925135415,14214.9850512842,8684.73683286826,9555.20021472749,9894.30138153021,9390.77216721934,8353.65513999184,9107.1793467918,14611.4228608693,14567.9396707644,15477.6739652724,14385.237400468,14826.5548634182,13827.7403324262
,40,8658.07166976934,9125.33835615332,8426.17908226928,9645.71426422372,8451.46831276024,8297.54611341493,14196.4862475296,13720.6373167749,13730.7285181377,13217.6512568199,13237.7514040804,13853.8023500688,6924.34600092023,7238.76747892677,8114.49957503517,8652.81690706639,8055.39554916186,7684.37278878996,13366.6333457176,12799.357854256,13133.8451203257,13988.4392489014,13682.4662689062,13281.7412452608,7592.01183736747,7603.37571370237,8063.9380890938,8494.3951115063,7867.36340015387,8319.14677068023,14602.4854102541,13596.3550523015,14854.0542252796,13912.762725897,14087.8612816504,13684.7035435108,8357.17863185693,7768.45840174252,8223.96891223041,7967.69686753646,8696.92264331298,8751.90577772017,14189.5704566197,14141.9357920609,14174.939174971,13950.8391319654,13644.470892532,13866.8552443735,6511.9208981705,9050.11646134924,7902.18944418128,8319.5572281782,8006.38825314408,9138.84313265589,14884.3347837501,14080.5200394173,15360.1586017014,14389.1309082222,13838.3889219258,14624.7863271108,8095.80875511163,8737.89827190033,7749.44316866073,8149.10265653131,8739.24537353732,8905.73522582352,13187.9862663186,14484.1918881453,14977.701095285,14211.859155333,14272.984049599,14870.1764614411,10397.2324156957,11624.2680405034,11925.6556076776,11636.9058096578,11515.4026427954,11816.5293760592,15465.2474409223,15150.2260299879,14529.9136770992,14161.0631554376,13634.6874678781,14337.7104968471,9181.63296265536,10091.4520058642,10411.5782035567,9883.33046267033,8945.74939620528,9760.24706331143,14800.9189035949,14754.9924970789,15675.0233893958,14576.6389088741,15038.901188458,14022.1944012869
